time,x1,y1,r1,x2,y2,r2,x3,y3,r3,x4,y4,r4,x5,y5,r5,x6,y6,r6,x7,y7,r7,x8,y8,r8,x9,y9,r9,x10,y10,r10
190.20042371749878,36.5,226.5,23.399999618530273
190.23348760604858,36.5,226.5,23.399999618530273
190.50760412216187,89.5,364.5,118.69999694824219
190.54073762893677,89.5,364.5,118.69999694824219
190.574068069458,43.5,174.5,28.0
190.6073820590973,43.5,174.5,28.0
190.64073991775513,43.5,174.5,28.0
190.87246227264404,196.5,38.5,25.700000762939453,136.5,162.5,18.799999237060547,185.5,15.5,12.5
190.90434646606445,196.5,38.5,25.700000762939453,136.5,162.5,18.799999237060547,185.5,15.5,12.5
190.9351499080658,234.5,31.5,23.0,191.5,167.5,21.200000762939453,53.5,335.5,31.5
190.96617102622986,234.5,31.5,23.0,191.5,167.5,21.200000762939453,53.5,335.5,31.5
190.9978733062744,234.5,31.5,23.0,191.5,167.5,21.200000762939453,53.5,335.5,31.5
191.03089141845703,281.5,132.5,19.899999618530273
191.06503868103027,281.5,132.5,19.899999618530273
191.09857892990112,252.5,24.5,19.399999618530273,323.5,94.5,14.5
191.13272404670715,252.5,24.5,19.399999618530273,323.5,94.5,14.5
191.16590404510498,157.5,27.5,19.899999618530273
191.199889421463,157.5,27.5,19.899999618530273
191.23696303367615,102.5,5.5,24.0,227.5,166.5,15.600000381469727
191.27067017555237,102.5,5.5,24.0,227.5,166.5,15.600000381469727
191.30425119400024,102.5,5.5,24.0,227.5,166.5,15.600000381469727
191.33768367767334,139.5,31.5,20.5,118.5,154.5,19.0
191.37194108963013,139.5,31.5,20.5,118.5,154.5,19.0
191.4064745903015,236.5,29.5,25.200000762939453,63.5,108.5,20.0,224.5,13.5,13.800000190734863
191.44016551971436,236.5,29.5,25.200000762939453,63.5,108.5,20.0,224.5,13.5,13.800000190734863
191.64381170272827,219.5,37.5,27.899999618530273,182.5,170.5,16.799999237060547
191.67812085151672,219.5,37.5,27.899999618530273,182.5,170.5,16.799999237060547
191.71350979804993,31.5,253.5,13.0
191.7476933002472,31.5,253.5,13.0
191.78054547309875,111.5,16.5,18.5
191.8144772052765,111.5,16.5,18.5
191.8475203514099,111.5,16.5,18.5
191.88195323944092,179.5,34.5,21.799999237060547,299.5,109.5,24.0
191.91576409339905,179.5,34.5,21.799999237060547,299.5,109.5,24.0
191.94902205467224,264.5,15.5,23.399999618530273
191.98217344284058,264.5,15.5,23.399999618530273
192.08344650268555,223.5,36.5,28.600000381469727,58.5,115.5,12.199999809265137,237.5,308.5,11.0
192.11761856079102,223.5,36.5,28.600000381469727,58.5,115.5,12.199999809265137,237.5,308.5,11.0
192.15178108215332,223.5,36.5,28.600000381469727,58.5,115.5,12.199999809265137,237.5,308.5,11.0
192.18493103981018,129.5,25.5,21.600000381469727,68.5,107.5,24.299999237060547
192.2176103591919,129.5,25.5,21.600000381469727,68.5,107.5,24.299999237060547
192.25059628486633,111.5,17.5,16.299999237060547,78.5,130.5,18.799999237060547
192.28377676010132,111.5,17.5,16.299999237060547,78.5,130.5,18.799999237060547
192.31718158721924,134.5,30.5,19.399999618530273,177.5,171.5,15.5
192.35035109519958,134.5,30.5,19.399999618530273,177.5,171.5,15.5
192.3848648071289,225.5,31.5,22.899999618530273
192.41808772087097,225.5,31.5,22.899999618530273
192.55433988571167,254.5,22.5,21.0,317.5,106.5,23.200000762939453
192.5875518321991,254.5,22.5,21.0,317.5,106.5,23.200000762939453
192.62119269371033,164.5,34.5,23.899999618530273,173.5,16.5,13.199999809265137,237.5,162.5,19.0
192.65577721595764,164.5,34.5,23.899999618530273,173.5,16.5,13.199999809265137,237.5,162.5,19.0
192.68884944915771,126.5,159.5,18.0,57.5,271.5,9.600000381469727
192.72208619117737,126.5,159.5,18.0,57.5,271.5,9.600000381469727
192.75521779060364,134.5,31.5,19.100000381469727,61.5,116.5,13.399999618530273
192.78913807868958,134.5,31.5,19.100000381469727,61.5,116.5,13.399999618530273
192.8183696269989,134.5,31.5,19.100000381469727,61.5,116.5,13.399999618530273
192.8445384502411,175.5,34.5,22.299999237060547,56.5,99.5,18.799999237060547
192.87316751480103,175.5,34.5,22.299999237060547,56.5,99.5,18.799999237060547
192.89967846870422,257.5,20.5,21.799999237060547,18.5,239.5,13.199999809265137
192.92642378807068,257.5,20.5,21.799999237060547,18.5,239.5,13.199999809265137
192.9649887084961,172.5,169.5,16.100000381469727
192.98919248580933,172.5,169.5,16.100000381469727
193.01605486869812,172.5,169.5,16.100000381469727
193.04482126235962,222.5,31.5,23.5,279.5,139.5,17.100000381469727,161.5,314.5,11.800000190734863
193.079204082489,222.5,31.5,23.5,279.5,139.5,17.100000381469727,161.5,314.5,11.800000190734863
193.11139607429504,131.5,24.5,24.600000381469727
193.14534783363342,131.5,24.5,24.600000381469727
193.1898012161255,113.5,13.5,18.5,310.5,114.5,12.199999809265137
193.21420574188232,113.5,13.5,18.5,310.5,114.5,12.199999809265137
193.2701632976532,173.5,33.5,20.200000762939453,353.5,226.5,8.199999809265137
193.30361413955688,173.5,33.5,20.200000762939453,353.5,226.5,8.199999809265137
193.33711290359497,173.5,33.5,20.200000762939453,353.5,226.5,8.199999809265137
193.37148237228394,256.5,24.5,19.600000381469727
193.40486764907837,256.5,24.5,19.600000381469727
193.4398636817932,273.5,10.5,19.299999237060547,62.5,109.5,17.399999618530273
193.47323417663574,273.5,10.5,19.299999237060547,62.5,109.5,17.399999618530273
193.50656032562256,48.5,101.5,22.5
193.54040455818176,48.5,101.5,22.5
193.57362937927246,175.5,35.5,23.799999237060547
193.60829854011536,175.5,35.5,23.799999237060547
193.64165496826172,175.5,35.5,23.799999237060547
193.67509841918945,121.5,22.5,15.800000190734863,170.5,171.5,14.5
193.70872044563293,121.5,22.5,15.800000190734863,170.5,171.5,14.5
193.74206852912903,139.5,29.5,22.5
193.7764527797699,139.5,29.5,22.5
193.8099226951599,225.5,27.5,31.5,316.5,103.5,13.100000381469727
193.8431830406189,225.5,27.5,31.5,316.5,103.5,13.100000381469727
193.97911524772644,255.5,27.5,16.600000381469727
194.0139217376709,255.5,27.5,16.600000381469727
194.04778909683228,176.5,32.5,19.899999618530273
194.08114671707153,176.5,32.5,19.899999618530273
194.11483788490295,94.5,136.5,17.100000381469727
194.14939427375793,94.5,136.5,17.100000381469727
194.18254804611206,94.5,136.5,17.100000381469727
194.21592712402344,120.5,20.5,19.399999618530273,55.5,98.5,15.0
194.24908590316772,120.5,20.5,19.399999618530273,55.5,98.5,15.0
194.28232216835022,172.5,35.5,20.200000762939453,69.5,128.5,23.600000381469727,172.5,15.5,12.5
194.31612253189087,172.5,35.5,20.200000762939453,69.5,128.5,23.600000381469727,172.5,15.5,12.5
194.34929370880127,162.5,171.5,19.899999618530273
194.3825352191925,162.5,171.5,19.899999618530273
194.51779437065125,219.5,35.5,21.0
194.55191826820374,219.5,35.5,21.0
194.65120339393616,123.5,20.5,20.5,140.5,311.5,11.800000190734863
194.6847538948059,123.5,20.5,20.5,140.5,311.5,11.800000190734863
194.71854662895203,176.5,43.5,20.200000762939453,172.5,17.5,12.699999809265137,137.5,160.5,16.799999237060547
194.7522964477539,176.5,43.5,20.200000762939453,172.5,17.5,12.699999809265137,137.5,160.5,16.799999237060547
194.78660249710083,218.5,33.5,24.299999237060547,98.5,142.5,20.700000762939453
194.81997919082642,218.5,33.5,24.299999237060547,98.5,142.5,20.700000762939453
194.85313200950623,218.5,33.5,24.299999237060547,98.5,142.5,20.700000762939453
194.88634300231934,56.5,97.5,14.100000381469727
194.91969919204712,56.5,97.5,14.100000381469727
194.9529004096985,250.5,25.5,19.600000381469727,74.5,132.5,16.700000762939453
194.98608446121216,250.5,25.5,19.600000381469727,74.5,132.5,16.700000762939453
195.01937580108643,175.5,35.5,22.299999237060547,161.5,169.5,19.399999618530273,175.5,14.5,9.600000381469727
195.05344223976135,175.5,35.5,22.299999237060547,161.5,169.5,19.399999618530273,175.5,14.5,9.600000381469727
195.08669304847717,123.5,20.5,18.299999237060547
195.12059926986694,123.5,20.5,18.299999237060547
195.15362191200256,123.5,20.5,18.299999237060547
195.18676614761353,136.5,32.5,15.199999809265137,237.5,307.5,12.199999809265137
195.21940207481384,136.5,32.5,15.199999809265137,237.5,307.5,12.199999809265137
195.2513427734375,215.5,34.5,19.600000381469727,312.5,269.5,9.600000381469727
195.28446316719055,215.5,34.5,19.600000381469727,312.5,269.5,9.600000381469727
195.4188323020935,265.5,13.5,21.0,184.5,171.5,13.800000190734863
195.4519329071045,265.5,13.5,21.0,184.5,171.5,13.800000190734863
195.48560118675232,213.5,14.5,12.199999809265137,218.5,34.5,17.700000762939453,93.5,135.5,16.799999237060547
195.51883602142334,213.5,14.5,12.199999809265137,218.5,34.5,17.700000762939453,93.5,135.5,16.799999237060547
195.55245780944824,54.5,103.5,18.5,146.5,29.5,23.600000381469727
195.5866470336914,54.5,103.5,18.5,146.5,29.5,23.600000381469727
195.61997389793396,128.5,23.5,21.799999237060547,87.5,130.5,24.399999618530273
195.65302896499634,128.5,23.5,21.799999237060547,87.5,130.5,24.399999618530273
195.68655109405518,128.5,23.5,21.799999237060547,87.5,130.5,24.399999618530273
195.71991395950317,179.5,34.5,21.799999237060547,164.5,166.5,14.5,174.5,14.5,10.300000190734863
195.7535047531128,179.5,34.5,21.799999237060547,164.5,166.5,14.5,174.5,14.5,10.300000190734863
195.7877378463745,244.5,24.5,24.299999237060547
195.8221309185028,244.5,24.5,24.299999237060547
196.02291703224182,144.5,32.5,21.799999237060547
196.05692601203918,144.5,32.5,21.799999237060547
196.09136152267456,127.5,24.5,20.200000762939453,181.5,168.5,17.399999618530273
196.12571668624878,149.5,35.5,21.299999237060547,88.5,140.5,20.0
196.19744682312012,224.5,32.5,26.0,57.5,102.5,15.600000381469727,214.5,13.5,12.699999809265137
196.27780151367188,270.5,9.5,30.399999618530273,71.5,128.5,23.200000762939453
196.31095218658447,270.5,9.5,30.399999618530273,71.5,128.5,23.200000762939453
196.34415364265442,270.5,9.5,30.399999618530273,71.5,128.5,23.200000762939453
196.37726998329163,241.5,28.5,20.299999237060547,172.5,167.5,16.600000381469727
196.41045260429382,241.5,28.5,20.299999237060547,172.5,167.5,16.600000381469727
196.44366431236267,169.5,43.5,16.600000381469727,171.5,15.5,11.399999618530273
196.47788262367249,169.5,43.5,16.600000381469727,171.5,15.5,11.399999618530273
196.5121796131134,169.5,43.5,16.600000381469727,171.5,15.5,11.399999618530273
196.5454137325287,129.5,24.5,21.399999618530273,310.5,108.5,13.199999809265137
196.57994079589844,129.5,24.5,21.399999618530273,310.5,108.5,13.199999809265137
196.61358213424683,154.5,37.5,21.299999237060547
196.64655947685242,154.5,37.5,21.299999237060547
196.67960166931152,181.5,41.5,21.0
196.71398973464966,181.5,41.5,21.0
196.74709749221802,250.5,24.5,22.100000381469727,190.5,171.5,16.700000762939453
196.78111958503723,250.5,24.5,22.100000381469727,190.5,171.5,16.700000762939453
196.81491327285767,91.5,142.5,16.700000762939453
196.8480622768402,91.5,142.5,16.700000762939453
196.88144159317017,91.5,142.5,16.700000762939453
196.91446995735168,204.5,34.5,20.700000762939453,57.5,115.5,14.100000381469727
196.9472999572754,204.5,34.5,20.700000762939453,57.5,115.5,14.100000381469727
196.98103833198547,141.5,33.5,19.299999237060547,80.5,122.5,13.0
197.01471066474915,141.5,33.5,19.299999237060547,80.5,122.5,13.0
197.0478277206421,132.5,29.5,21.0,164.5,169.5,14.899999618530273
197.08097791671753,132.5,29.5,21.0,164.5,169.5,14.899999618530273
197.11459684371948,184.5,18.5,14.5
197.14769554138184,184.5,18.5,14.5
197.18064522743225,184.5,18.5,14.5
197.2136516571045,250.5,24.5,21.0
197.24681615829468,250.5,24.5,21.0
197.27991914749146,304.5,117.5,11.800000190734863,263.5,14.5,15.0
197.3137218952179,304.5,117.5,11.800000190734863,263.5,14.5,15.0
197.34711074829102,231.5,33.5,22.399999618530273,287.5,130.5,22.5
197.38095545768738,231.5,33.5,22.399999618530273,287.5,130.5,22.5
197.41409277915955,231.5,33.5,22.399999618530273,287.5,130.5,22.5
197.44770669937134,167.5,16.5,13.0,187.5,166.5,19.899999618530273,158.5,39.5,18.100000381469727
197.480788230896,167.5,16.5,13.0,187.5,166.5,19.899999618530273,158.5,39.5,18.100000381469727
197.51429390907288,131.5,26.5,21.799999237060547,98.5,136.5,12.199999809265137
197.5470530986786,131.5,26.5,21.799999237060547,98.5,136.5,12.199999809265137
197.5817995071411,158.5,40.5,19.399999618530273,68.5,110.5,25.700000762939453,156.5,12.5,12.5
197.61557531356812,158.5,40.5,19.399999618530273,68.5,110.5,25.700000762939453,156.5,12.5,12.5
197.64862632751465,228.5,35.5,21.600000381469727,217.5,13.5,11.800000190734863
197.68291354179382,228.5,35.5,21.600000381469727,217.5,13.5,11.800000190734863
197.71607279777527,228.5,35.5,21.600000381469727,217.5,13.5,11.800000190734863
197.74918365478516,257.5,20.5,20.399999618530273,164.5,171.5,16.600000381469727
197.78295373916626,257.5,20.5,20.399999618530273,164.5,171.5,16.600000381469727
197.88369131088257,163.5,33.5,21.299999237060547
197.91691327095032,163.5,33.5,21.299999237060547
197.95074701309204,312.5,106.5,13.0,25.5,231.5,14.699999809265137
197.98489332199097,312.5,106.5,13.0,25.5,231.5,14.699999809265137
198.0182569026947,312.5,106.5,13.0,25.5,231.5,14.699999809265137
198.0513472557068,141.5,30.5,22.299999237060547
198.08489966392517,141.5,30.5,22.299999237060547
198.118634223938,193.5,35.5,22.100000381469727,190.5,171.5,16.5
198.15171718597412,92.5,144.5,16.200000762939453
198.23335123062134,71.5,110.5,27.399999618530273,247.5,26.5,19.600000381469727
198.30873465538025,91.5,133.5,22.899999618530273,197.5,36.5,15.5
198.34226369857788,91.5,133.5,22.899999618530273,197.5,36.5,15.5
198.376074552536,91.5,133.5,22.899999618530273,197.5,36.5,15.5
198.40937519073486,139.5,31.5,20.200000762939453,161.5,170.5,20.200000762939453
198.44370651245117,139.5,31.5,20.200000762939453,161.5,170.5,20.200000762939453
198.47693252563477,143.5,33.5,21.600000381469727
198.51001811027527,143.5,33.5,21.600000381469727
198.54308772087097,143.5,33.5,21.600000381469727
198.57658696174622,204.5,36.5,25.100000381469727
198.61081528663635,204.5,36.5,25.100000381469727
198.6439392566681,233.5,34.5,20.799999237060547,312.5,107.5,13.600000381469727
198.6771821975708,233.5,34.5,20.799999237060547,312.5,107.5,13.600000381469727
198.77670741081238,218.5,38.5,17.0,221.5,13.5,14.100000381469727,186.5,163.5,11.399999618530273
198.8099718093872,218.5,38.5,17.0,221.5,13.5,14.100000381469727,186.5,163.5,11.399999618530273
198.84316492080688,160.5,14.5,13.100000381469727,95.5,138.5,18.0
198.8773913383484,160.5,14.5,13.100000381469727,95.5,138.5,18.0
198.91044425964355,160.5,14.5,13.100000381469727,95.5,138.5,18.0
198.94372415542603,130.5,26.5,25.399999618530273,69.5,112.5,24.299999237060547,23.5,239.5,8.199999809265137
198.9768340587616,130.5,26.5,25.399999618530273,69.5,112.5,24.299999237060547,23.5,239.5,8.199999809265137
199.01108765602112,168.5,15.5,12.5,170.5,36.5,20.700000762939453,93.5,133.5,24.0
199.0447871685028,168.5,15.5,12.5,170.5,36.5,20.700000762939453,93.5,133.5,24.0
199.07893705368042,233.5,33.5,20.700000762939453,167.5,168.5,14.399999618530273
199.11298966407776,233.5,33.5,20.700000762939453,167.5,168.5,14.399999618530273
199.14707374572754,123.5,308.5,7.400000095367432
199.1803960800171,123.5,308.5,7.400000095367432
199.21355509757996,123.5,308.5,7.400000095367432
199.2466380596161,247.5,25.5,26.600000381469727,284.5,125.5,22.100000381469727
199.28101348876953,247.5,25.5,26.600000381469727,284.5,125.5,22.100000381469727
199.31490182876587,184.5,43.5,18.799999237060547,183.5,18.5,11.800000190734863
199.34943175315857,184.5,43.5,18.799999237060547,183.5,18.5,11.800000190734863
199.38352990150452,139.5,32.5,20.200000762939453
199.4177222251892,139.5,32.5,20.200000762939453
199.45140838623047,139.5,32.5,20.200000762939453
199.48593044281006,147.5,29.5,23.5,184.5,170.5,17.200000762939453
199.51973271369934,147.5,29.5,23.5,184.5,170.5,17.200000762939453
199.55286169052124,217.5,30.5,31.600000381469727,102.5,141.5,19.5
199.59171199798584,217.5,30.5,31.600000381469727,102.5,141.5,19.5
199.6251380443573,249.5,24.5,21.0,62.5,109.5,17.200000762939453
199.6580548286438,249.5,24.5,21.0,62.5,109.5,17.200000762939453
199.69137811660767,242.5,28.5,25.700000762939453,86.5,126.5,13.399999618530273
199.72488975524902,242.5,28.5,25.700000762939453,86.5,126.5,13.399999618530273
199.75805830955505,242.5,28.5,25.700000762939453,86.5,126.5,13.399999618530273
199.7922387123108,179.5,35.5,22.100000381469727,173.5,169.5,11.800000190734863
199.82590079307556,179.5,35.5,22.100000381469727,173.5,169.5,11.800000190734863
199.8589370250702,139.5,30.5,21.299999237060547
199.89394235610962,139.5,30.5,21.299999237060547
199.92737317085266,138.5,30.5,21.299999237060547,295.5,119.5,18.0
199.96044778823853,186.5,39.5,25.200000762939453,310.5,110.5,14.100000381469727,178.5,16.5,12.199999809265137,21.5,237.5,9.100000381469727
200.04218769073486,235.5,30.5,23.600000381469727
200.07585549354553,235.5,30.5,23.600000381469727
200.1197612285614,253.5,25.5,17.399999618530273,187.5,169.5,19.0
200.15378427505493,253.5,25.5,17.399999618530273,187.5,169.5,19.0
200.1998074054718,211.5,35.5,24.600000381469727
200.23345136642456,211.5,35.5,24.600000381469727
200.26635432243347,211.5,35.5,24.600000381469727
200.29956078529358,146.5,32.5,26.600000381469727,68.5,114.5,21.0
200.33272504806519,146.5,32.5,26.600000381469727,68.5,114.5,21.0
200.36581707000732,142.5,30.5,23.399999618530273,83.5,135.5,22.100000381469727
200.39888644218445,142.5,30.5,23.399999618530273,83.5,135.5,22.100000381469727
200.43267011642456,182.5,36.5,22.100000381469727,181.5,15.5,10.5,344.5,234.5,9.100000381469727
200.46688890457153,182.5,36.5,22.100000381469727,181.5,15.5,10.5,344.5,234.5,9.100000381469727
200.49999046325684,219.5,39.5,21.799999237060547,219.5,163.5,19.0
200.53405666351318,219.5,39.5,21.799999237060547,219.5,163.5,19.0
200.56725358963013,219.5,39.5,21.799999237060547,219.5,163.5,19.0
200.60060214996338,247.5,27.5,21.299999237060547,297.5,125.5,15.199999809265137
200.63406038284302,247.5,27.5,21.299999237060547,297.5,125.5,15.199999809265137
200.66768836975098,228.5,34.5,22.5,310.5,110.5,14.699999809265137
200.70063400268555,228.5,34.5,22.5,310.5,110.5,14.699999809265137
200.7345552444458,175.5,37.5,25.200000762939453,175.5,17.5,13.800000190734863
200.76869893074036,175.5,37.5,25.200000762939453,175.5,17.5,13.800000190734863
200.8028748035431,134.5,27.5,27.100000381469727
200.83641719818115,134.5,27.5,27.100000381469727
200.86929750442505,165.5,34.5,24.600000381469727,89.5,138.5,21.100000381469727
200.90253472328186,165.5,34.5,24.600000381469727,89.5,138.5,21.100000381469727
200.935875415802,165.5,34.5,24.600000381469727,89.5,138.5,21.100000381469727
200.96891498565674,217.5,32.5,21.399999618530273,63.5,119.5,15.800000190734863
201.00198316574097,217.5,32.5,21.399999618530273,63.5,119.5,15.800000190734863
201.03537106513977,256.5,19.5,14.699999809265137,90.5,141.5,15.5
201.0688283443451,256.5,19.5,14.699999809265137,90.5,141.5,15.5
201.1030044555664,232.5,28.5,23.0,180.5,169.5,14.899999618530273
201.13680744171143,232.5,28.5,23.0,180.5,169.5,14.899999618530273
201.17325687408447,200.5,40.5,22.399999618530273,222.5,163.5,18.0
201.20697593688965,200.5,40.5,22.399999618530273,222.5,163.5,18.0
201.23737049102783,200.5,40.5,22.399999618530273,222.5,163.5,18.0
201.2709517478943,150.5,34.5,22.399999618530273
201.30458784103394,150.5,34.5,22.399999618530273
201.33835411071777,146.5,27.5,22.399999618530273,308.5,113.5,13.399999618530273
201.37161016464233,146.5,27.5,22.399999618530273,308.5,113.5,13.399999618530273
201.40520429611206,192.5,35.5,21.299999237060547,276.5,144.5,20.5
201.43906378746033,192.5,35.5,21.299999237060547,276.5,144.5,20.5
201.47807693481445,244.5,22.5,18.5
201.51139044761658,244.5,22.5,18.5
201.54536890983582,244.5,22.5,18.5
201.57871317863464,240.5,29.5,20.399999618530273
201.6125683784485,240.5,29.5,20.399999618530273
201.64556789398193,66.5,108.5,14.399999618530273,192.5,47.5,16.899999618530273,191.5,17.5,12.199999809265137
201.6799066066742,66.5,108.5,14.399999618530273,192.5,47.5,16.899999618530273,191.5,17.5,12.199999809265137
201.7142014503479,146.5,34.5,21.399999618530273
201.74748420715332,146.5,34.5,21.399999618530273
201.78107833862305,146.5,34.5,21.399999618530273
201.81454205513,142.5,32.5,21.799999237060547
201.84884238243103,142.5,32.5,21.799999237060547
201.88314175605774,180.5,33.5,13.0
201.9164617061615,180.5,33.5,13.0
201.9501256942749,224.5,32.5,22.100000381469727,294.5,126.5,15.199999809265137
201.98346042633057,224.5,32.5,22.100000381469727,294.5,126.5,15.199999809265137
202.01746654510498,245.5,24.5,21.600000381469727,307.5,114.5,14.5,24.5,239.5,9.600000381469727
202.05089378356934,245.5,24.5,21.600000381469727,307.5,114.5,14.5,24.5,239.5,9.600000381469727
202.08402967453003,245.5,24.5,21.600000381469727,307.5,114.5,14.5,24.5,239.5,9.600000381469727
202.1181411743164,215.5,40.5,20.5
202.15126585960388,215.5,40.5,20.5
202.1855354309082,174.5,33.5,32.900001525878906
202.21965837478638,174.5,33.5,32.900001525878906
202.25437712669373,144.5,34.5,20.100000381469727
202.28843784332275,144.5,34.5,20.100000381469727
202.32312941551208,76.5,116.5,25.399999618530273,174.5,34.5,21.299999237060547
202.35625767707825,76.5,116.5,25.399999618530273,174.5,34.5,21.299999237060547
202.38822841644287,76.5,116.5,25.399999618530273,174.5,34.5,21.299999237060547
202.42161679267883,231.5,31.5,25.100000381469727
202.45488739013672,231.5,31.5,25.100000381469727
202.4893295764923,239.5,29.5,17.700000762939453
202.52230262756348,236.5,33.5,18.200000762939453,228.5,161.5,19.299999237060547
202.6023347377777,186.5,37.5,24.299999237060547,184.5,14.5,9.600000381469727,298.5,124.5,14.300000190734863
202.6790611743927,143.5,31.5,25.399999618530273
202.71243834495544,143.5,31.5,25.399999618530273
202.73942732810974,143.5,31.5,25.399999618530273
202.77351880073547,160.5,39.5,20.5
202.8066074848175,160.5,39.5,20.5
202.83985114097595,209.5,35.5,23.5,157.5,166.5,21.299999237060547
202.87309885025024,209.5,35.5,23.5,157.5,166.5,21.299999237060547
202.90670561790466,242.5,27.5,21.799999237060547
202.94008421897888,242.5,27.5,21.799999237060547
202.97328877449036,242.5,27.5,21.799999237060547
203.00629901885986,226.5,33.5,24.299999237060547,80.5,117.5,28.100000381469727
203.03971362113953,226.5,33.5,24.299999237060547,80.5,117.5,28.100000381469727
203.07338285446167,202.5,42.5,22.100000381469727,77.5,135.5,13.100000381469727
203.10712218284607,202.5,42.5,22.100000381469727,77.5,135.5,13.100000381469727
203.14062070846558,159.5,39.5,20.700000762939453,138.5,165.5,18.5
203.1745789051056,159.5,39.5,20.700000762939453,138.5,165.5,18.5
203.20796155929565,149.5,36.5,21.0,231.5,161.5,20.0
203.24128651618958,149.5,36.5,21.0,231.5,161.5,20.0
203.27427911758423,149.5,36.5,21.0,231.5,161.5,20.0
203.30727219581604,187.5,36.5,22.100000381469727
203.34062719345093,187.5,36.5,22.100000381469727
203.37375473976135,234.5,30.5,25.100000381469727
203.4071488380432,234.5,30.5,25.100000381469727
203.4409055709839,247.5,24.5,15.0
203.47413563728333,247.5,24.5,15.0
203.50978779792786,197.5,40.5,17.399999618530273,168.5,168.5,18.799999237060547,343.5,233.5,9.399999618530273
203.54357028007507,197.5,40.5,17.399999618530273,168.5,168.5,18.799999237060547,343.5,233.5,9.399999618530273
203.57657861709595,197.5,40.5,17.399999618530273,168.5,168.5,18.799999237060547,343.5,233.5,9.399999618530273
203.60959124565125,156.5,41.5,18.799999237060547,91.5,140.5,17.100000381469727
203.64361143112183,156.5,41.5,18.799999237060547,91.5,140.5,17.100000381469727
203.67670154571533,148.5,33.5,25.200000762939453,69.5,112.5,14.699999809265137,180.5,29.5,19.899999618530273
203.70996356010437,148.5,33.5,25.200000762939453,69.5,112.5,14.699999809265137,180.5,29.5,19.899999618530273
203.74341559410095,167.5,33.5,21.299999237060547,91.5,129.5,26.600000381469727
203.77672410011292,167.5,33.5,21.299999237060547,91.5,129.5,26.600000381469727
203.80981540679932,167.5,33.5,21.299999237060547,91.5,129.5,26.600000381469727
203.84322381019592,220.5,35.5,25.799999237060547
203.87665367126465,220.5,35.5,25.799999237060547
203.9097716808319,237.5,30.5,18.5
203.94366550445557,237.5,30.5,18.5
203.97682547569275,219.5,18.5,18.200000762939453,298.5,125.5,13.399999618530273
204.01005721092224,219.5,18.5,18.200000762939453,298.5,125.5,13.399999618530273
204.0444040298462,172.5,45.5,17.399999618530273,174.5,17.5,13.600000381469727
204.0777714252472,172.5,45.5,17.399999618530273,174.5,17.5,13.600000381469727
204.1111240386963,172.5,45.5,17.399999618530273,174.5,17.5,13.600000381469727
204.14488530158997,143.5,30.5,28.799999237060547
204.17998242378235,143.5,30.5,28.799999237060547
204.2145335674286,176.5,41.5,14.100000381469727
204.24767804145813,176.5,41.5,14.100000381469727
204.28097009658813,223.5,33.5,25.700000762939453,94.5,136.5,21.700000762939453
204.31517267227173,223.5,33.5,25.700000762939453,94.5,136.5,21.700000762939453
204.34846663475037,75.5,119.5,18.799999237060547
204.3824965953827,75.5,119.5,18.799999237060547
204.4156448841095,75.5,119.5,18.799999237060547
204.44902181625366,234.5,34.5,18.5,83.5,141.5,12.100000381469727
204.4834430217743,234.5,34.5,18.5,83.5,141.5,12.100000381469727
204.51660132408142,190.5,34.5,21.700000762939453
204.55075860023499,154.5,37.5,20.700000762939453
204.63391995429993,163.5,38.5,22.899999618530273,304.5,118.5,20.5
204.70859050750732,202.5,39.5,21.0
204.74147534370422,202.5,39.5,21.0
204.77449464797974,202.5,39.5,21.0
204.80914640426636,243.5,23.5,14.899999618530273
204.84244632720947,243.5,23.5,14.899999618530273
204.87681937217712,234.5,31.5,27.899999618530273,152.5,167.5,17.200000762939453
204.910080909729,234.5,31.5,27.899999618530273,152.5,167.5,17.200000762939453
204.94437265396118,234.5,31.5,27.899999618530273,152.5,167.5,17.200000762939453
204.9790017604828,188.5,43.5,22.200000762939453,92.5,135.5,21.799999237060547
205.0138647556305,188.5,43.5,22.200000762939453,92.5,135.5,21.799999237060547
205.04793667793274,165.5,43.5,19.100000381469727,71.5,129.5,14.100000381469727
205.0821099281311,165.5,43.5,19.100000381469727,71.5,129.5,14.100000381469727
205.11611700057983,152.5,38.5,19.899999618530273,81.5,135.5,21.399999618530273
205.15067958831787,152.5,38.5,19.899999618530273,81.5,135.5,21.399999618530273
205.18410634994507,181.5,35.5,21.700000762939453,155.5,169.5,19.0
205.21752381324768,181.5,35.5,21.700000762939453,155.5,169.5,19.0
205.25150156021118,223.5,32.5,23.899999618530273
205.2847089767456,223.5,32.5,23.899999618530273
205.31868720054626,223.5,32.5,23.899999618530273
205.3519103527069,242.5,27.5,17.200000762939453,301.5,115.5,19.299999237060547
205.3860306739807,242.5,27.5,17.200000762939453,301.5,115.5,19.299999237060547
205.4196994304657,203.5,43.5,19.399999618530273
205.45396542549133,203.5,43.5,19.399999618530273
205.48720932006836,161.5,40.5,21.200000762939453
205.52042150497437,161.5,40.5,21.200000762939453
205.55377531051636,155.5,40.5,19.399999618530273,342.5,239.5,9.399999618530273
205.5869710445404,155.5,40.5,19.399999618530273,342.5,239.5,9.399999618530273
205.62053894996643,155.5,40.5,19.399999618530273,342.5,239.5,9.399999618530273
205.65494680404663,166.5,43.5,21.100000381469727,107.5,157.5,11.800000190734863
205.68877720832825,166.5,43.5,21.100000381469727,107.5,157.5,11.800000190734863
205.7215383052826,213.5,35.5,25.0,77.5,121.5,21.700000762939453
205.75466322898865,213.5,35.5,25.0,77.5,121.5,21.700000762939453
205.78969025611877,233.5,32.5,18.5,91.5,129.5,13.0
205.8227174282074,233.5,32.5,18.5,91.5,129.5,13.0
205.85641837120056,233.5,32.5,18.5,91.5,129.5,13.0
205.8894500732422,219.5,38.5,20.200000762939453
205.92253255844116,219.5,38.5,20.200000762939453
205.9569354057312,176.5,36.5,22.899999618530273
205.9898726940155,176.5,36.5,22.899999618530273
206.02406787872314,154.5,39.5,19.399999618530273,299.5,121.5,15.0
206.05873370170593,154.5,39.5,19.399999618530273,299.5,121.5,15.0
206.09264707565308,174.5,43.5,19.399999618530273,171.5,18.5,14.5
206.12691831588745,174.5,43.5,19.399999618530273,171.5,18.5,14.5
206.16137409210205,174.5,43.5,19.399999618530273,171.5,18.5,14.5
206.19463992118835,205.5,37.5,29.200000762939453
206.2284746170044,205.5,37.5,29.200000762939453
206.26292777061462,234.5,34.5,20.200000762939453
206.29574537277222,234.5,34.5,20.200000762939453
206.33088445663452,225.5,31.5,18.799999237060547
206.36420488357544,194.5,42.5,21.5,66.5,121.5,22.100000381469727
206.43449711799622,156.5,36.5,18.200000762939453,92.5,146.5,17.299999237060547
206.47669410705566,156.5,36.5,18.200000762939453,92.5,146.5,17.299999237060547
206.52023124694824,163.5,39.5,21.700000762939453,177.5,163.5,14.300000190734863
206.55350852012634,163.5,39.5,21.700000762939453,177.5,163.5,14.300000190734863
206.58759760856628,198.5,35.5,22.100000381469727,343.5,230.5,8.0
206.6207630634308,198.5,35.5,22.100000381469727,343.5,230.5,8.0
206.65429830551147,198.5,35.5,22.100000381469727,343.5,230.5,8.0
206.6879961490631,229.5,35.5,21.600000381469727,299.5,121.5,14.699999809265137
206.74493384361267,224.5,35.5,23.399999618530273,289.5,132.5,13.199999809265137
206.77986335754395,224.5,35.5,23.399999618530273,289.5,132.5,13.199999809265137
206.81358575820923,224.5,35.5,23.399999618530273,289.5,132.5,13.199999809265137
206.84687852859497,190.5,38.5,23.0
206.8800506591797,190.5,38.5,23.0
206.91399431228638,171.5,42.5,20.5,179.5,164.5,12.699999809265137
206.94730162620544,171.5,42.5,20.5,179.5,164.5,12.699999809265137
206.980309009552,171.5,42.5,20.5,179.5,164.5,12.699999809265137
207.013667345047,155.5,39.5,21.299999237060547,95.5,142.5,21.100000381469727
207.04699754714966,155.5,39.5,21.299999237060547,95.5,142.5,21.100000381469727
207.08150625228882,180.5,38.5,25.200000762939453,73.5,119.5,16.0
207.11468029022217,180.5,38.5,25.200000762939453,73.5,119.5,16.0
207.14954614639282,216.5,35.5,18.200000762939453,101.5,142.5,14.100000381469727,26.5,246.5,8.0
207.18385529518127,216.5,35.5,18.200000762939453,101.5,142.5,14.100000381469727,26.5,246.5,8.0
207.21692657470703,236.5,30.5,26.600000381469727,173.5,171.5,21.799999237060547
207.25086069107056,236.5,30.5,26.600000381469727,173.5,171.5,21.799999237060547
207.28399801254272,201.5,38.5,17.200000762939453
207.31733560562134,201.5,38.5,17.200000762939453
207.35217785835266,201.5,38.5,17.200000762939453
207.38570547103882,168.5,35.5,22.399999618530273
207.41852974891663,168.5,35.5,22.399999618530273
207.45236563682556,156.5,35.5,25.200000762939453,157.5,15.5,14.5
207.4856355190277,156.5,35.5,25.200000762939453,157.5,15.5,14.5
207.51874780654907,186.5,35.5,22.399999618530273,223.5,166.5,18.0
207.55242133140564,186.5,35.5,22.399999618530273,223.5,166.5,18.0
207.58594918251038,205.5,31.5,23.0,166.5,167.5,19.100000381469727
207.61920952796936,205.5,31.5,23.0,166.5,167.5,19.100000381469727
207.65232801437378,205.5,31.5,23.0,166.5,167.5,19.100000381469727
207.68699884414673,236.5,31.5,13.800000190734863,100.5,148.5,16.899999618530273
207.720153093338,236.5,31.5,13.800000190734863,100.5,148.5,16.899999618530273
207.75403499603271,229.5,30.5,33.79999923706055,74.5,132.5,14.100000381469727
207.7871379852295,229.5,30.5,33.79999923706055,74.5,132.5,14.100000381469727
207.82033705711365,182.5,43.5,20.700000762939453
207.85404181480408,182.5,43.5,20.700000762939453
207.8872585296631,159.5,39.5,20.700000762939453
207.92043209075928,159.5,39.5,20.700000762939453
207.95450496673584,159.5,39.5,20.700000762939453
208.05595922470093,218.5,30.5,31.600000381469727,298.5,122.5,13.600000381469727
208.08928442001343,218.5,30.5,31.600000381469727,298.5,122.5,13.600000381469727
208.12306118011475,232.5,25.5,20.200000762939453
208.15739822387695,232.5,25.5,20.200000762939453
208.1899209022522,232.5,25.5,20.200000762939453
208.223286151886,227.5,35.5,22.399999618530273
208.2563920021057,227.5,35.5,22.399999618530273
208.2908329963684,195.5,44.5,20.200000762939453,165.5,167.5,13.199999809265137
208.3237316608429,195.5,44.5,20.200000762939453,165.5,167.5,13.199999809265137
208.35704708099365,105.5,143.5,25.399999618530273,165.5,14.5,12.199999809265137
208.38989210128784,166.5,39.5,22.100000381469727,76.5,133.5,14.5
208.47371578216553,192.5,38.5,18.799999237060547
208.50667214393616,192.5,38.5,18.799999237060547
208.54919338226318,234.5,27.5,32.599998474121094
208.58350229263306,234.5,27.5,32.599998474121094
208.63212704658508,228.5,29.5,18.5
208.66543817520142,228.5,29.5,18.5
208.69862699508667,197.5,39.5,26.700000762939453,298.5,122.5,14.699999809265137
208.73199558258057,197.5,39.5,26.700000762939453,298.5,122.5,14.699999809265137
208.76541376113892,197.5,39.5,26.700000762939453,298.5,122.5,14.699999809265137
208.79877853393555,163.5,39.5,21.100000381469727
208.83220887184143,163.5,39.5,21.100000381469727
208.865571975708,162.5,39.5,21.799999237060547
208.8999264240265,162.5,39.5,21.799999237060547
208.93305110931396,182.5,37.5,22.100000381469727,155.5,167.5,14.899999618530273
208.96753549575806,182.5,37.5,22.100000381469727,155.5,167.5,14.899999618530273
209.00079584121704,182.5,37.5,22.100000381469727,155.5,167.5,14.899999618530273
209.0342948436737,212.5,35.5,25.399999618530273,103.5,141.5,26.100000381469727
209.07864594459534,85.5,127.5,24.0,231.5,28.5,17.700000762939453
209.11294531822205,85.5,127.5,24.0,231.5,28.5,17.700000762939453
209.14024353027344,85.5,127.5,24.0,231.5,28.5,17.700000762939453
209.17488312721252,190.5,33.5,36.599998474121094,210.5,39.5,16.600000381469727
209.20828127861023,190.5,33.5,36.599998474121094,210.5,39.5,16.600000381469727
209.24293303489685,172.5,43.5,19.100000381469727,198.5,167.5,20.0
209.2761197090149,172.5,43.5,19.100000381469727,198.5,167.5,20.0
209.30934071540833,164.5,41.5,20.200000762939453,265.5,139.5,23.600000381469727
209.34209942817688,164.5,41.5,20.200000762939453,265.5,139.5,23.600000381469727
209.37552762031555,164.5,41.5,20.200000762939453,265.5,139.5,23.600000381469727
209.40877604484558,187.5,42.5,21.799999237060547
209.4428780078888,187.5,42.5,21.799999237060547
209.4754297733307,204.5,41.5,21.299999237060547
209.50853371620178,204.5,41.5,21.299999237060547
209.54285430908203,228.5,26.5,19.399999618530273
209.57650995254517,228.5,26.5,19.399999618530273
209.6094994544983,220.5,36.5,26.799999237060547
209.6422963142395,220.5,36.5,26.799999237060547
209.67548441886902,220.5,36.5,26.799999237060547
209.70966386795044,91.5,131.5,14.699999809265137
209.7426724433899,91.5,131.5,14.699999809265137
209.7768828868866,157.5,35.5,28.5,81.5,124.5,15.199999809265137,188.5,23.5,13.0
209.80983066558838,157.5,35.5,28.5,81.5,124.5,15.199999809265137,188.5,23.5,13.0
209.84251427650452,177.5,44.5,19.600000381469727,174.5,17.5,13.800000190734863
209.87557458877563,177.5,44.5,19.600000381469727,174.5,17.5,13.800000190734863
209.9103603363037,211.5,35.5,17.700000762939453
209.9434871673584,211.5,35.5,17.700000762939453
209.97652220726013,211.5,35.5,17.700000762939453
210.00948548316956,221.5,35.5,18.0
210.04315161705017,221.5,35.5,18.0
210.07758140563965,221.5,32.5,32.599998474121094,296.5,126.5,13.399999618530273
210.11094856262207,221.5,32.5,32.599998474121094,296.5,126.5,13.399999618530273
210.14458394050598,197.5,43.5,20.200000762939453
210.17866945266724,197.5,43.5,20.200000762939453
210.21169471740723,197.5,43.5,20.200000762939453
210.24601817131042,166.5,34.5,20.700000762939453
210.27906131744385,166.5,34.5,20.700000762939453
210.31312918663025,171.5,34.5,19.899999618530273
210.34669303894043,171.5,34.5,19.899999618530273
210.37979888916016,195.5,43.5,20.700000762939453,96.5,136.5,24.600000381469727
210.41288447380066,195.5,43.5,20.700000762939453,96.5,136.5,24.600000381469727
210.44738960266113,94.5,132.5,26.600000381469727,225.5,37.5,23.0,216.5,14.5,13.800000190734863
210.48154854774475,94.5,132.5,26.600000381469727,225.5,37.5,23.0,216.5,14.5,13.800000190734863
210.51466608047485,94.5,132.5,26.600000381469727,225.5,37.5,23.0,216.5,14.5,13.800000190734863
210.54949617385864,225.5,31.5,16.0
210.58258819580078,225.5,31.5,16.0
210.61568474769592,191.5,40.5,21.700000762939453
210.64936923980713,191.5,40.5,21.700000762939453
210.68242931365967,168.5,44.5,18.299999237060547
210.71743035316467,168.5,44.5,18.299999237060547
210.7521162033081,181.5,41.5,27.5,294.5,128.5,13.399999618530273,161.5,33.5,13.800000190734863
210.7842559814453,181.5,41.5,27.5,294.5,128.5,13.399999618530273,161.5,33.5,13.800000190734863
210.81782817840576,181.5,41.5,27.5,294.5,128.5,13.399999618530273,161.5,33.5,13.800000190734863
210.85211396217346,184.5,35.5,22.899999618530273
210.8851819038391,184.5,35.5,22.899999618530273
210.91955423355103,209.5,38.5,18.0
210.95295929908752,212.5,30.5,32.70000076293945,171.5,314.5,11.0
211.03547143936157,203.5,37.5,23.0,92.5,134.5,22.700000762939453,204.5,17.5,12.5
211.11179280281067,172.5,42.5,18.5,87.5,143.5,13.199999809265137
211.14507031440735,172.5,42.5,18.5,87.5,143.5,13.199999809265137
211.17839217185974,172.5,42.5,18.5,87.5,143.5,13.199999809265137
211.21193742752075,163.5,38.5,16.299999237060547,140.5,164.5,18.799999237060547
211.2455153465271,163.5,38.5,16.299999237060547,140.5,164.5,18.799999237060547
211.2799036502838,190.5,46.5,17.700000762939453
211.3134138584137,190.5,46.5,17.700000762939453
211.346599817276,190.5,46.5,17.700000762939453
211.3797414302826,212.5,38.5,18.5,289.5,129.5,21.100000381469727
211.41361689567566,212.5,38.5,18.5,289.5,129.5,21.100000381469727
211.4469120502472,219.5,29.5,21.600000381469727
211.48037338256836,219.5,29.5,21.600000381469727
211.51346611976624,211.5,40.5,21.299999237060547,277.5,142.5,13.600000381469727
211.54720735549927,211.5,40.5,21.299999237060547,277.5,142.5,13.600000381469727
211.58077383041382,183.5,35.5,22.399999618530273,212.5,168.5,15.199999809265137
211.6143763065338,183.5,35.5,22.399999618530273,212.5,168.5,15.199999809265137
211.6479880809784,173.5,35.5,28.5
211.68254208564758,173.5,35.5,28.5
211.71620655059814,173.5,35.5,28.5
211.74943470954895,184.5,38.5,25.700000762939453,78.5,132.5,22.700000762939453
211.7826681137085,184.5,38.5,25.700000762939453,78.5,132.5,22.700000762939453
211.8161222934723,103.5,138.5,26.0,210.5,33.5,22.100000381469727
211.84965801239014,103.5,138.5,26.0,210.5,33.5,22.100000381469727
211.88283038139343,225.5,38.5,23.200000762939453
211.91695642471313,225.5,38.5,23.200000762939453
211.95017838478088,210.5,40.5,23.0
211.98341631889343,210.5,40.5,23.0
212.01646065711975,210.5,40.5,23.0
212.0509638786316,182.5,18.5,13.199999809265137,185.5,44.5,16.700000762939453
212.08541560173035,182.5,18.5,13.199999809265137,185.5,44.5,16.700000762939453
212.11879515647888,171.5,43.5,20.200000762939453,294.5,129.5,13.199999809265137
212.15223574638367,171.5,43.5,20.200000762939453,294.5,129.5,13.199999809265137
212.18595242500305,177.5,36.5,18.5
212.2198667526245,177.5,36.5,18.5
212.25338339805603,177.5,36.5,18.5
212.28728032112122,187.5,37.5,31.5,205.5,169.5,18.299999237060547
212.32040095329285,187.5,37.5,31.5,205.5,169.5,18.299999237060547
212.3546862602234,224.5,33.5,16.0
212.38743376731873,224.5,33.5,16.0
212.4215431213379,224.5,32.5,32.70000076293945,92.5,132.5,24.600000381469727
212.45608139038086,224.5,32.5,32.70000076293945,92.5,132.5,24.600000381469727
212.4893341064453,191.5,45.5,18.299999237060547,105.5,142.5,22.899999618530273
212.5225372314453,191.5,45.5,18.299999237060547,105.5,142.5,22.899999618530273
212.55578184127808,191.5,45.5,18.299999237060547,105.5,142.5,22.899999618530273
212.58895707130432,163.5,35.5,16.0
212.62205815315247,163.5,35.5,16.0
212.6559717655182,175.5,43.5,21.0
212.68958950042725,175.5,43.5,21.0
212.72237253189087,189.5,45.5,18.799999237060547
212.75508522987366,189.5,45.5,18.799999237060547
212.78830218315125,218.5,29.5,29.200000762939453,293.5,129.5,14.5,337.5,244.5,8.199999809265137
212.8217384815216,218.5,29.5,29.200000762939453,293.5,129.5,14.5,337.5,244.5,8.199999809265137
212.85504150390625,218.5,29.5,29.200000762939453,293.5,129.5,14.5,337.5,244.5,8.199999809265137
212.88821530342102,214.5,37.5,18.5,224.5,14.5,9.600000381469727
212.92130088806152,214.5,37.5,18.5,224.5,14.5,9.600000381469727
212.95463752746582,195.5,168.5,18.799999237060547,204.5,43.5,16.100000381469727
212.9887216091156,195.5,168.5,18.799999237060547,204.5,43.5,16.100000381469727
213.0219588279724,172.5,39.5,17.399999618530273
213.05525755882263,172.5,39.5,17.399999618530273
213.08856391906738,163.5,37.5,30.299999237060547,93.5,132.5,25.799999237060547
213.12282347679138,163.5,37.5,30.299999237060547,93.5,132.5,25.799999237060547
213.1559498310089,190.5,42.5,21.399999618530273,190.5,17.5,13.800000190734863,103.5,154.5,13.100000381469727,42.5,263.5,11.600000381469727
213.18917155265808,190.5,42.5,21.399999618530273,190.5,17.5,13.800000190734863,103.5,154.5,13.100000381469727,42.5,263.5,11.600000381469727
213.2221713066101,190.5,42.5,21.399999618530273,190.5,17.5,13.800000190734863,103.5,154.5,13.100000381469727,42.5,263.5,11.600000381469727
213.25554633140564,212.5,34.5,22.899999618530273
213.28850769996643,211.5,37.5,18.5
213.37193274497986,211.5,32.5,20.5
213.40504503250122,211.5,32.5,20.5
213.4461042881012,183.5,43.5,21.299999237060547
213.48060607910156,183.5,43.5,21.299999237060547
213.51347184181213,166.5,37.5,27.0,170.5,17.5,14.699999809265137
213.54659724235535,166.5,37.5,27.0,170.5,17.5,14.699999809265137
213.59120559692383,181.5,19.5,15.199999809265137,179.5,39.5,18.5
213.6242802143097,181.5,19.5,15.199999809265137,179.5,39.5,18.5
213.66921019554138,195.5,36.5,32.70000076293945,99.5,146.5,25.799999237060547
213.7036657333374,195.5,36.5,32.70000076293945,99.5,146.5,25.799999237060547
213.73682022094727,195.5,36.5,32.70000076293945,99.5,146.5,25.799999237060547
213.7699167728424,84.5,139.5,14.5,222.5,33.5,16.799999237060547
213.8032329082489,84.5,139.5,14.5,222.5,33.5,16.799999237060547
213.83645939826965,203.5,36.5,23.0,110.5,158.5,13.0
213.87131452560425,203.5,36.5,23.0,110.5,158.5,13.0
213.9044439792633,183.5,42.5,21.600000381469727,179.5,172.5,19.399999618530273
213.93754649162292,183.5,42.5,21.600000381469727,179.5,172.5,19.399999618530273
213.97364974021912,174.5,42.5,21.200000762939453,218.5,164.5,20.299999237060547
214.00674748420715,174.5,42.5,21.200000762939453,218.5,164.5,20.299999237060547
214.04081869125366,174.5,42.5,21.200000762939453,218.5,164.5,20.299999237060547
214.07555723190308,174.5,40.5,17.100000381469727,174.5,19.5,15.0,272.5,134.5,22.399999618530273
214.10867500305176,174.5,40.5,17.100000381469727,174.5,19.5,15.0,272.5,134.5,22.399999618530273
214.14199328422546,197.5,35.5,22.700000762939453,293.5,129.5,19.399999618530273,196.5,14.5,9.600000381469727
214.17681789398193,197.5,35.5,22.700000762939453,293.5,129.5,19.399999618530273,196.5,14.5,9.600000381469727
214.2109513282776,214.5,34.5,22.899999618530273,42.5,258.5,12.699999809265137
214.2442502975464,214.5,34.5,22.899999618530273,42.5,258.5,12.699999809265137
214.277272939682,198.5,33.5,34.400001525878906,219.5,31.5,13.0
214.31062364578247,198.5,33.5,34.400001525878906,219.5,31.5,13.0
214.34366869926453,198.5,33.5,34.400001525878906,219.5,31.5,13.0
214.37705540657043,188.5,42.5,21.299999237060547,96.5,145.5,22.899999618530273
214.4103422164917,188.5,42.5,21.299999237060547,96.5,145.5,22.899999618530273
214.44455409049988,163.5,33.5,33.79999923706055,92.5,133.5,23.799999237060547
214.4779601097107,163.5,33.5,33.79999923706055,92.5,133.5,23.799999237060547
214.51097059249878,179.5,30.5,25.200000762939453
214.5440604686737,179.5,30.5,25.200000762939453
214.57714748382568,179.5,30.5,25.200000762939453
214.61075735092163,204.5,38.5,25.700000762939453,203.5,167.5,21.0
214.6432683467865,204.5,38.5,25.700000762939453,203.5,167.5,21.0
214.6775405406952,209.5,29.5,22.399999618530273
214.71060132980347,209.5,29.5,22.399999618530273
214.74537348747253,210.5,39.5,18.299999237060547
214.77957391738892,210.5,39.5,18.299999237060547
214.81310272216797,197.5,42.5,21.799999237060547
214.84726333618164,197.5,42.5,21.799999237060547
214.8802251815796,197.5,42.5,21.799999237060547
214.91416192054749,175.5,40.5,17.399999618530273,234.5,156.5,18.5
214.9478621482849,175.5,40.5,17.399999618530273,234.5,156.5,18.5
214.9817099571228,177.5,44.5,19.399999618530273
215.0148138999939,177.5,44.5,19.399999618530273
215.0480101108551,193.5,41.5,21.799999237060547,191.5,19.5,14.699999809265137,99.5,150.5,13.800000190734863
215.08121752738953,193.5,41.5,21.799999237060547,191.5,19.5,14.699999809265137,99.5,150.5,13.800000190734863
215.11437034606934,206.5,38.5,18.5,88.5,128.5,14.5
215.14752888679504,206.5,38.5,18.5,88.5,128.5,14.5
215.18131136894226,206.5,38.5,18.5,88.5,128.5,14.5
215.21557784080505,211.5,40.5,20.100000381469727,120.5,159.5,22.100000381469727
215.24922895431519,211.5,40.5,20.100000381469727,120.5,159.5,22.100000381469727
215.2823770046234,202.5,36.5,23.0
215.3166241645813,202.5,36.5,23.0
215.34974765777588,185.5,46.5,18.299999237060547,237.5,159.5,19.0
215.38402152061462,185.5,46.5,18.299999237060547,237.5,159.5,19.0
215.41726446151733,185.5,46.5,18.299999237060547,237.5,159.5,19.0
215.4503858089447,171.5,38.5,27.399999618530273,174.5,18.5,14.5,89.5,96.5,95.0999984741211,285.5,137.5,13.0
215.4845986366272,188.5,45.5,18.5,282.5,139.5,14.399999618530273
215.5177812576294,188.5,45.5,18.5,282.5,139.5,14.399999618530273
215.55073022842407,188.5,45.5,18.5,282.5,139.5,14.399999618530273
215.58541011810303,203.5,18.5,14.899999618530273,210.5,37.5,17.899999618530273
215.61953377723694,203.5,18.5,14.899999618530273,210.5,37.5,17.899999618530273
215.72068166732788,200.5,35.5,22.399999618530273,104.5,142.5,23.799999237060547
215.75490474700928,200.5,35.5,22.399999618530273,104.5,142.5,23.799999237060547
215.78835582733154,200.5,35.5,22.399999618530273,104.5,142.5,23.799999237060547
215.8222599029541,91.5,145.5,14.300000190734863,183.5,45.5,18.299999237060547,183.5,18.5,14.100000381469727
215.8558464050293,91.5,145.5,14.300000190734863,183.5,45.5,18.299999237060547,183.5,18.5,14.100000381469727
215.88890147209167,178.5,43.5,20.799999237060547,180.5,17.5,15.800000190734863
215.92345881462097,178.5,43.5,20.799999237060547,180.5,17.5,15.800000190734863
215.9563319683075,184.5,44.5,20.700000762939453,170.5,170.5,19.899999618530273
215.98979115486145,184.5,44.5,20.700000762939453,170.5,170.5,19.899999618530273
216.0231330394745,195.5,40.5,18.100000381469727
216.0572168827057,195.5,40.5,18.100000381469727
216.09176874160767,195.5,40.5,18.100000381469727
216.12605667114258,286.5,133.5,15.600000381469727,217.5,36.5,16.100000381469727
216.15978360176086,286.5,133.5,15.600000381469727,217.5,36.5,16.100000381469727
216.19286847114563,193.5,34.5,34.900001525878906
216.22701859474182,193.5,34.5,34.900001525878906
216.26048636436462,182.5,40.5,19.899999618530273
216.29399514198303,175.5,38.5,18.5
216.37289452552795,186.5,42.5,21.299999237060547,93.5,145.5,15.199999809265137
216.407372713089,186.5,42.5,21.299999237060547,93.5,145.5,15.199999809265137
216.45404362678528,95.5,133.5,14.100000381469727
216.48841953277588,95.5,133.5,14.100000381469727
216.53681993484497,115.5,161.5,13.100000381469727
216.57004022598267,115.5,161.5,13.100000381469727
216.603125333786,115.5,161.5,13.100000381469727
216.6361701488495,215.5,34.5,15.600000381469727
216.6700279712677,215.5,34.5,15.600000381469727
216.70317125320435,261.5,150.5,18.299999237060547
216.73626470565796,261.5,150.5,18.299999237060547
216.77074098587036,182.5,44.5,19.100000381469727,198.5,30.5,7.400000095367432
216.80502009391785,182.5,44.5,19.100000381469727,198.5,30.5,7.400000095367432
216.83809328079224,181.5,43.5,21.600000381469727
216.8725254535675,181.5,43.5,21.600000381469727
216.9057331085205,181.5,43.5,21.600000381469727
216.94108724594116,198.5,46.5,17.700000762939453
216.974702835083,198.5,46.5,17.700000762939453
217.0081808567047,218.5,32.5,33.099998474121094
217.04134726524353,218.5,32.5,33.099998474121094
217.0761365890503,202.5,39.5,18.299999237060547,92.5,131.5,14.300000190734863
217.10927057266235,202.5,39.5,18.299999237060547,92.5,131.5,14.300000190734863
217.14333176612854,196.5,37.5,17.399999618530273,107.5,144.5,23.200000762939453
217.17791867256165,196.5,37.5,17.399999618530273,107.5,144.5,23.200000762939453
217.2109134197235,196.5,37.5,17.399999618530273,107.5,144.5,23.200000762939453
217.2437388896942,184.5,46.5,18.5,126.5,151.5,15.800000190734863,56.5,273.5,10.300000190734863
217.27663350105286,184.5,46.5,18.5,126.5,151.5,15.800000190734863,56.5,273.5,10.300000190734863
217.31055736541748,179.5,18.5,14.5,178.5,40.5,18.799999237060547,35.5,257.5,8.0
217.34397101402283,179.5,18.5,14.5,178.5,40.5,18.799999237060547,35.5,257.5,8.0
217.37688302993774,182.5,37.5,31.399999618530273,195.5,21.5,13.800000190734863,263.5,153.5,12.199999809265137
217.41078209877014,182.5,37.5,31.399999618530273,195.5,21.5,13.800000190734863,263.5,153.5,12.199999809265137
217.4448459148407,182.5,37.5,31.399999618530273,195.5,21.5,13.800000190734863,263.5,153.5,12.199999809265137
217.47917342185974,209.5,32.5,28.899999618530273,291.5,129.5,21.600000381469727
217.51215267181396,264.5,150.5,14.699999809265137,197.5,36.5,12.199999809265137
217.5452115535736,264.5,150.5,14.699999809265137,197.5,36.5,12.199999809265137
217.57826685905457,264.5,150.5,14.699999809265137,197.5,36.5,12.199999809265137
217.61154890060425,192.5,39.5,18.299999237060547,190.5,167.5,19.899999618530273
217.6463441848755,192.5,39.5,18.299999237060547,190.5,167.5,19.899999618530273
217.68156099319458,185.5,42.5,21.0,184.5,16.5,13.0
217.71536564826965,185.5,42.5,21.0,184.5,16.5,13.0
217.74856162071228,178.5,38.5,26.600000381469727,181.5,18.5,14.399999618530273,91.5,132.5,15.800000190734863
217.7826292514801,178.5,38.5,26.600000381469727,181.5,18.5,14.399999618530273,91.5,132.5,15.800000190734863
217.8162326812744,178.5,38.5,26.600000381469727,181.5,18.5,14.399999618530273,91.5,132.5,15.800000190734863
217.84975576400757,188.5,43.5,20.700000762939453,95.5,143.5,18.100000381469727
217.8829529285431,188.5,43.5,20.700000762939453,95.5,143.5,18.100000381469727
217.91641092300415,206.5,37.5,28.0
217.94955945014954,206.5,37.5,28.0
218.04917001724243,199.5,42.5,22.299999237060547
218.08316564559937,199.5,42.5,22.299999237060547
218.11640453338623,199.5,42.5,22.299999237060547
218.15065240859985,181.5,37.5,28.799999237060547
218.18391847610474,181.5,37.5,28.799999237060547
218.21708416938782,183.5,42.5,20.799999237060547
218.25016403198242,183.5,42.5,20.799999237060547
218.28336930274963,179.5,36.5,32.70000076293945,189.5,18.5,13.800000190734863
218.3176772594452,179.5,36.5,32.70000076293945,189.5,18.5,13.800000190734863
218.3508141040802,189.5,35.5,34.900001525878906,123.5,156.5,21.100000381469727,208.5,43.5,14.699999809265137
218.38420820236206,189.5,35.5,34.900001525878906,123.5,156.5,21.100000381469727,208.5,43.5,14.699999809265137
218.41844248771667,189.5,35.5,34.900001525878906,123.5,156.5,21.100000381469727,208.5,43.5,14.699999809265137
218.45153737068176,205.5,41.5,21.600000381469727,102.5,137.5,27.399999618530273
218.48585963249207,205.5,41.5,21.600000381469727,102.5,137.5,27.399999618530273
218.51905393600464,191.5,34.5,34.599998474121094,96.5,149.5,14.199999809265137
218.5534737110138,191.5,34.5,34.599998474121094,96.5,149.5,14.199999809265137
218.58666467666626,187.5,39.5,18.5
218.62091588974,187.5,39.5,18.5
218.65504932403564,187.5,39.5,18.5
218.68877339363098,183.5,44.5,20.100000381469727
218.7219066619873,183.5,44.5,20.100000381469727
218.75598573684692,264.5,140.5,22.899999618530273,179.5,38.5,15.600000381469727
218.7904510498047,264.5,140.5,22.899999618530273,179.5,38.5,15.600000381469727
218.82478618621826,205.5,31.5,29.899999618530273,281.5,137.5,15.199999809265137
218.85839462280273,236.5,154.5,24.0,202.5,20.5,9.600000381469727
218.93670010566711,190.5,35.5,33.599998474121094,168.5,169.5,18.200000762939453
218.97128820419312,190.5,35.5,33.599998474121094,168.5,169.5,18.200000762939453
219.01585292816162,119.5,152.5,22.899999618530273,187.5,20.5,15.0
219.05040454864502,119.5,152.5,22.899999618530273,187.5,20.5,15.0
219.09501576423645,181.5,40.5,18.0,89.5,140.5,23.200000762939453
219.12833857536316,181.5,40.5,18.0,89.5,140.5,23.200000762939453
219.16161561012268,184.5,42.5,21.600000381469727,101.5,151.5,14.5
219.19498491287231,184.5,42.5,21.600000381469727,101.5,151.5,14.5
219.22835087776184,184.5,42.5,21.600000381469727,101.5,151.5,14.5
219.26234698295593,149.5,168.5,20.200000762939453,52.5,270.5,11.600000381469727
219.296142578125,149.5,168.5,20.200000762939453,52.5,270.5,11.600000381469727
219.33041906356812,200.5,39.5,18.799999237060547
219.363689661026,200.5,39.5,18.799999237060547
219.39699697494507,199.5,40.5,18.0,205.5,17.5,12.199999809265137,268.5,139.5,22.299999237060547
219.431298494339,199.5,40.5,18.0,205.5,17.5,12.199999809265137,268.5,139.5,22.299999237060547
219.46453833580017,278.5,140.5,14.5,189.5,40.5,17.700000762939453,193.5,18.5,14.399999618530273
219.49827909469604,278.5,140.5,14.5,189.5,40.5,17.700000762939453,193.5,18.5,14.399999618530273
219.54296350479126,167.5,313.5,9.100000381469727
219.57654356956482,167.5,313.5,9.100000381469727
219.61118030548096,167.5,313.5,9.100000381469727
219.64550161361694,177.5,37.5,31.399999618530273
219.67943382263184,177.5,37.5,31.399999618530273
219.714013338089,192.5,20.5,15.199999809265137,108.5,138.5,11.800000190734863
219.7524242401123,192.5,20.5,15.199999809265137,108.5,138.5,11.800000190734863
219.78688073158264,192.5,20.5,15.199999809265137,108.5,138.5,11.800000190734863
219.82023549079895,202.5,43.5,20.200000762939453,102.5,141.5,24.0
219.85352993011475,202.5,43.5,20.200000762939453,102.5,141.5,24.0
219.88778567314148,115.5,150.5,22.100000381469727,211.5,31.5,14.5
219.9208962917328,115.5,150.5,22.100000381469727,211.5,31.5,14.5
219.9548237323761,163.5,170.5,19.200000762939453,205.5,31.5,14.199999809265137
219.98892903327942,163.5,170.5,19.200000762939453,205.5,31.5,14.199999809265137
220.02232241630554,184.5,41.5,18.0
220.05496954917908,184.5,41.5,18.0
220.0886378288269,186.5,44.5,20.200000762939453,184.5,19.5,14.699999809265137,279.5,140.5,14.699999809265137
220.12176895141602,186.5,44.5,20.200000762939453,184.5,19.5,14.699999809265137,279.5,140.5,14.699999809265137
220.1548717021942,186.5,44.5,20.200000762939453,184.5,19.5,14.699999809265137,279.5,140.5,14.699999809265137
220.1892068386078,192.5,43.5,21.0,280.5,136.5,21.799999237060547,200.5,22.5,9.399999618530273
220.22229599952698,192.5,43.5,21.0,280.5,136.5,21.799999237060547,200.5,22.5,9.399999618530273
220.25640082359314,202.5,42.5,20.200000762939453,198.5,19.5,15.0
220.29131388664246,202.5,42.5,20.200000762939453,198.5,19.5,15.0
220.32413625717163,204.5,45.5,17.399999618530273,39.5,252.5,8.399999618530273
220.3572473526001,204.5,45.5,17.399999618530273,39.5,252.5,8.399999618530273
220.39028429985046,202.5,44.5,20.5,130.5,157.5,23.5
220.4234263896942,202.5,44.5,20.5,130.5,157.5,23.5
220.45770287513733,202.5,44.5,20.5,130.5,157.5,23.5
220.4907705783844,94.5,134.5,15.5,190.5,17.5,12.699999809265137,194.5,44.5,17.200000762939453
220.52352952957153,94.5,134.5,15.5,190.5,17.5,12.699999809265137,194.5,44.5,17.200000762939453
220.55741930007935,183.5,41.5,17.700000762939453,112.5,156.5,17.899999618530273,112.5,304.5,10.600000381469727
220.59171605110168,183.5,41.5,17.700000762939453,112.5,156.5,17.899999618530273,112.5,304.5,10.600000381469727
220.62541604042053,201.5,34.5,11.800000190734863
220.6585521697998,201.5,34.5,11.800000190734863
220.69111704826355,198.5,36.5,23.0
220.72435522079468,198.5,36.5,23.0
220.75916600227356,198.5,36.5,23.0
220.79276823997498,209.5,40.5,25.399999618530273,280.5,140.5,14.100000381469727
220.8258945941925,209.5,40.5,25.399999618530273,280.5,140.5,14.100000381469727
220.85907554626465,199.5,26.5,13.600000381469727,268.5,146.5,14.899999618530273,201.5,48.5,14.399999618530273
220.89245653152466,199.5,26.5,13.600000381469727,268.5,146.5,14.899999618530273,201.5,48.5,14.399999618530273
220.92439198493958,179.5,36.5,33.599998474121094
220.9577353000641,179.5,36.5,33.599998474121094
220.99110054969788,179.5,36.5,33.599998474121094
221.02430033683777,189.5,44.5,19.0,135.5,163.5,20.5
221.05730891227722,189.5,44.5,19.0,135.5,163.5,20.5
221.09193539619446,189.5,18.5,13.600000381469727,187.5,41.5,18.0
221.12654662132263,189.5,18.5,13.600000381469727,187.5,41.5,18.0
221.15945506095886,197.5,43.5,20.200000762939453,94.5,137.5,18.5
221.19288778305054,205.5,41.5,24.0,134.5,157.5,24.299999237060547
221.35044384002686,192.5,35.5,23.200000762939453,257.5,153.5,16.5
221.385840177536,192.5,35.5,23.200000762939453,257.5,153.5,16.5
221.41904020309448,189.5,44.5,19.899999618530273
221.45220685005188,189.5,44.5,19.899999618530273
221.49424409866333,197.5,48.5,13.0
221.52748203277588,197.5,48.5,13.0
221.57481265068054,198.5,44.5,18.799999237060547
221.6079399585724,198.5,44.5,18.799999237060547
221.64235615730286,198.5,44.5,18.799999237060547
221.67659974098206,156.5,166.5,22.100000381469727
221.70972633361816,156.5,166.5,22.100000381469727
221.74320602416992,195.5,40.5,18.100000381469727,116.5,152.5,21.600000381469727
221.77836680412292,195.5,40.5,18.100000381469727,116.5,152.5,21.600000381469727
221.8113899230957,195.5,40.5,18.100000381469727,116.5,152.5,21.600000381469727
221.8459506034851,194.5,46.5,18.5,92.5,143.5,22.399999618530273
221.8794550895691,191.5,44.5,20.799999237060547,134.5,168.5,12.199999809265137,331.5,245.5,8.399999618530273
221.9136941432953,191.5,44.5,20.799999237060547,134.5,168.5,12.199999809265137,331.5,245.5,8.399999618530273
221.94713139533997,191.5,44.5,20.799999237060547,134.5,168.5,12.199999809265137,331.5,245.5,8.399999618530273
221.98041343688965,191.5,43.5,20.100000381469727,197.5,169.5,20.399999618530273
222.01386094093323,191.5,43.5,20.100000381469727,197.5,169.5,20.399999618530273
222.04790139198303,200.5,33.5,21.600000381469727
222.08239817619324,200.5,33.5,21.600000381469727
222.1158254146576,186.5,35.5,35.70000076293945,279.5,138.5,15.5,204.5,45.5,15.800000190734863
222.14897632598877,186.5,35.5,35.70000076293945,279.5,138.5,15.5,204.5,45.5,15.800000190734863
222.18315482139587,186.5,35.5,35.70000076293945,279.5,138.5,15.5,204.5,45.5,15.800000190734863
222.21688175201416,196.5,41.5,18.0
222.25024342536926,196.5,41.5,18.0
222.2848424911499,194.5,42.5,19.600000381469727,184.5,167.5,18.299999237060547
222.31814742088318,194.5,42.5,19.600000381469727,184.5,167.5,18.299999237060547
222.35129928588867,197.5,32.5,29.899999618530273
222.38669347763062,197.5,32.5,29.899999618530273
222.4197292327881,191.5,43.5,20.200000762939453,105.5,153.5,14.5
222.4540548324585,191.5,43.5,20.200000762939453,105.5,153.5,14.5
222.48791694641113,191.5,43.5,20.200000762939453,105.5,153.5,14.5
222.52099418640137,194.5,44.5,20.200000762939453,111.5,144.5,26.100000381469727
222.55514883995056,194.5,44.5,20.200000762939453,111.5,144.5,26.100000381469727
222.6573884487152,196.5,41.5,17.200000762939453
222.69126081466675,196.5,41.5,17.200000762939453
222.72490239143372,267.5,150.5,13.399999618530273,199.5,46.5,16.0
222.76019978523254,267.5,150.5,13.399999618530273,199.5,46.5,16.0
222.7930986881256,267.5,150.5,13.399999618530273,199.5,46.5,16.0
222.82601022720337,199.5,34.5,31.600000381469727,277.5,143.5,13.199999809265137
222.85909342765808,199.5,34.5,31.600000381469727,277.5,143.5,13.199999809265137
222.8853976726532,191.5,41.5,22.700000762939453,190.5,19.5,14.699999809265137
222.9113733768463,191.5,41.5,22.700000762939453,190.5,19.5,14.699999809265137
222.93901920318604,196.5,43.5,20.200000762939453,190.5,20.5,15.0,202.5,164.5,24.299999237060547
222.96546816825867,196.5,43.5,20.200000762939453,190.5,20.5,15.0,202.5,164.5,24.299999237060547
222.99305772781372,196.5,43.5,20.200000762939453,190.5,20.5,15.0,202.5,164.5,24.299999237060547
223.02046084403992,149.5,166.5,19.899999618530273,202.5,37.5,18.0
223.04737663269043,149.5,166.5,19.899999618530273,202.5,37.5,18.0
223.07663083076477,110.5,145.5,23.299999237060547,200.5,42.5,21.299999237060547
223.10253930091858,110.5,145.5,23.299999237060547,200.5,42.5,21.299999237060547
223.15713810920715,194.5,46.5,17.700000762939453,109.5,143.5,18.0
223.18536496162415,194.5,46.5,17.700000762939453,109.5,143.5,18.0
223.22124099731445,194.5,44.5,17.200000762939453,151.5,168.5,19.299999237060547
223.25405526161194,194.5,44.5,17.200000762939453,151.5,168.5,19.299999237060547
223.28105354309082,194.5,44.5,17.200000762939453,151.5,168.5,19.299999237060547
223.313880443573,181.5,37.5,32.20000076293945,190.5,16.5,12.699999809265137
223.34744262695312,181.5,37.5,32.20000076293945,190.5,16.5,12.699999809265137
223.38199925422668,194.5,35.5,22.700000762939453,270.5,146.5,14.699999809265137
223.41644287109375,194.5,35.5,22.700000762939453,270.5,146.5,14.699999809265137
223.46296882629395,197.5,42.5,21.299999237060547,266.5,138.5,23.5
223.4969437122345,197.5,42.5,21.299999237060547,266.5,138.5,23.5
223.53076100349426,197.5,45.5,19.299999237060547,199.5,17.5,11.399999618530273
223.56390047073364,197.5,45.5,19.299999237060547,199.5,17.5,11.399999618530273
223.59759497642517,197.5,45.5,19.299999237060547,199.5,17.5,11.399999618530273
223.63081789016724,194.5,41.5,22.399999618530273
223.66407775878906,194.5,41.5,22.399999618530273
223.6973054409027,191.5,42.5,21.5
223.73027515411377,191.5,42.5,21.5
